{"timestamps": [1592749243.271568, 1592749255.828008, 1592749265.38072, 1592749272.891344, 1592749281.780692, 1592749297.520359], "initial_reset_timestamp": 1592749227.268237, "episode_types": ["t", "t", "t", "t", "t", "t", "t"], "episode_lengths": [96, 71, 56, 45, 51, 92], "episode_rewards": [-1187.7, -992.1999999999999, -1026.3, -960.6, -1011.8, -1135.5]}