{"timestamps": [1592681010.322901, 1592681022.471665, 1592681036.338885, 1592681051.153122, 1592681075.681362, 1592681095.935207, 1592681117.821451, 1592681130.93121, 1592681151.782894, 1592681168.628692, 1592681193.159155, 1592681206.954678, 1592681219.554022, 1592681238.474023], "initial_reset_timestamp": 1592680983.039029, "episode_types": ["t", "t", "t", "t", "t", "t", "t", "t", "t", "t", "t", "t", "t", "t", "t"], "episode_lengths": [128, 57, 64, 68, 113, 90, 96, 61, 96, 76, 115, 63, 59, 83], "episode_rewards": [-1319.9, -1076.0, -957.1, -930.1, -1054.8, -998.3, -971.9, -932.0, -1025.7, -939.3000000000001, -1102.8, -1016.0, -950.8000000000001, -1031.0]}